F_code,product,amount,calories,protein,fat,carbohydrate,sugars,natrium,cholesterol,fatty_acid,trans_fatty_acid
DHDB0100,Premium비타500로열폴리스,120,55,0,0,14,13,30,0,0,0
RCPE3002,가쓰오 우동왕뚜껑,110,490,8,20,70,4,1580,0,10,0
SGJG0100,감자깡,30,150,2,6,22,1.6,190,0,0,0
RBJG0200,감자면,117,505,11,17,77,4,1750,0,9,0
SGJG0300,감자품격트러플,96,403,2,7,83,5,760,3,1.4,0
DHDG0400,게토레이 레몬,600,160,0,0,40,39,300,0,0,0
DHDG0401,게토레이 블루볼트,600,140,0,0,35,35,260,0,0,0
DHDG0402,게토레이 오렌지,600,145,0,0.1,35,35,270,0,0,0
SGJG0500,고구마깡,30,150,1,7,21,6,130,0,0,0
SGJG0600,고래밥 볶음양념,40,186,3,6,30,4,280,0,3.1,0
SGJG0700,고소미,35,186,2,10,22,9,110,3,0,0
RCPG0800,공화춘 삼선짬뽕컵,110,505,9,22,68,3,1690,15,8,0
DATG0900,광동 대추쌍화,150,40,0,0,16,16,50,0,0,0
DHDG0901,광동 복분자,100,55,0.7,0,13,13,15,0,0,0
DATG0902,광동 생강쌍화,120,70,0,0,17,17,40,0,0,0
DATG0903,광동 쌍화골드,100,50,0.7,0,12,10,40,0,0,0
DHDG0904,광동 아이루테인10 Lu-10,100,50,0,0,13,11,10,0,0,0
DATG0905,광동 진쌍화,100,50,0.7,0,11,10,55,0,0,0
DHDG0906,광동 홍삼꿀D,170,105,0.7,0,25,25,10,0,0,0
SBSG1000,구운감자,27,130,1,6,19,2,210,0,2.9,0
RBJG1100,김치라면,120,520,10,16,84,5,1730,0,8,0
RCPG1101,김치면,105,450,9,14,72,4,1440,0,7,0
RCPG1200,김치사발면,86,380,7,14,56,5,1520,0,7,0
RBJB0200,까르보불닭볶음면,130,550,8,20,84,5,1330,0,10,0
DTSG1300,깨수깡,160,85,0,0,21,21,15,0,0,0
SGJG1400,꼬깔콘 고소한 맛,30,180,2,11,18,2,130,0,3.5,0
SGJG1401,꼬깔콘군옥수수맛,30,165,2,9,19,2,170,0,0,0
SGJG1402,꼬깔콘매콤달콤한맛,100,570,5,35,59,7,590,0,12,0.5
SGJG1500,꼬북칩 달콤한 콩가루 인절미맛,30,172,2,12,14,4,110,0,4.9,0.1
SGJG1501,꼬북칩 콘스프맛,30,175,1,11,18,2,210,0,4.1,0
SGJG1600,꿀꽈배기,30,150,0.7,7,21,8,75,0,0,0.3
RBJN0100,나가사끼짬뽕,115,475,10,13,80,4,1670,0,6,0
DTSN0200,나랑드사이다,100,0,0,0,0,0,20,0,0,0
SGJD0100,닭다리후라이드치킨,30,145,2,7,19,1.8,140,0,0,0
SGJE0200,더욱 달콤하고 바삭해진 엄마손파이,100,495,11,24,57,25,240,5,12,0
SCKM0100,더욱 커지고 맛있어진 마가렛트,44,220,2,12,26,11,120,10,6,0.5
DTSD0200,데미소다 레몬,250,115,0,0,29,29,0,0,0,0
DTSD0201,데미소다 복숭아,250,120,0,0,30,30,0,0,0,0
DTSD0202,데미소다 애플,250,100,0,0,25,25,0,0,0,0
DTSD0203,데미소다 오렌지,250,105,0,0,26,26,0,0,0,0
DTSD0204,데미소다 자몽,340,145,0,0,36,35,0,0,0,0
DTSD0205,데미소다 청포도,250,85,0,0,21,21,80,0,0,0
DHDD0300,데일리C 레몬워터,500,104,0,0,26,26,40,0,0,0
DATD0400,데자와 로얄 밀크티,200,65,1.67,1.67,11.67,24,0,0,0,0
DGYD0500,덴마크 딸기딸기우유,300,230,7,5,39,39,170,25,3.2,0
DGYD0501,덴마크 로얄밀크티,250,210,4,7,33,33,90,10,6,0
DGYD0502,덴마크 모닝시리얼우유,310,186,10,6,22,17,140,20,3.7,0
DACD0503,덴마크 민트라떼,310,210,5,6,34,34,230,30,4.7,0
DGYD0504,덴마크 민트초코우유,310,240,6,6,41,40,160,25,5,0
DGYD0505,덴마크 바나바나우유,300,225,6,7,35,31,185,20,4.5,0
DGYD0506,덴마크 초코초코우유,300,335,7,10,54,50,210,30,7,0
DACD0507,덴마크 커피커피,300,220,5,6,36,31,285,20,5,0
DFDD0600,델몬트 매실,200,115,0,0,28,28,25,0,0,0
DFDD0601,델몬트 알로에,200,115,1,0,21,20,20,0,0,0
DFDD0602,델몬트 오렌지,200,90,2,0,21,15,35,0,0,0
DFDD0603,델몬트 토마토,200,100,2,0,23,18,140,0,0,0
DFDD0604,델몬트 포도,200,105,0,0,26,23,25,0,0,0
RBJB0201,도전! 불닭비빔면,140,560,10,19,87,10,1380,0,9,0
DATD0700,두번째 우려낸 녹차만 담았다,200,0,0,0,0,0,18.29,0,0,0
SGJE0300,딸기웨하스,50,250,3,11,34,14,85,3,0,0
SCKD0800,딸기잼쿠키,100,390,5,14,61,29,150,35,0,0.3
SGJD0900,땅콩샌드,31,160,2.3,8,20,7,70,0,4.2,0
RBJB0202,라이트 불닭볶음면,110,375,9,4.4,75,6,1280,0,1,0
DACL0100,레쓰비 그란데 라떼,500,170,4,1.9,34,34,210,7,1.5,0
DACL0101,레쓰비 그란데 헤이즐넛,500,125,0,0,30,30,105,0,0,0
DACL0102,레쓰비 마일드,175,55,1,0,12,12,85,0,0,0
DACL0103,레쓰비 모카라떼,175,65,1,0,15,15,75,0,0,0
SSNL0200,롯샌 화이트크림깜뜨,53,270,2.2,13,36,17,160,0,6.7,0.5
SGJL0201,롯샌파인애플,53,270,2.2,13,36,15,115,0,6.9,0.3
DATL0300,립톤 밀크티,240,85,2,2,15,13,85,5,1.4,0
DATL0301,립톤 아이스티 복숭아,240,70,0,0,18,18,10,0,0,0
DTSM0200,마운틴듀,250,120,0,0,30,30,6,0,0,0
SGJM0300,맛동산,30,150,3,7,19,7,15,0,1.5,0
RBJM0400,맛있는라면,115,480,9,15,77,4,1720,0,8,0
RBJM0500,맛짬뽕,130,575,9,21,87,6,1780,10,9,0
SSNS0100,매운새우깡,30,150,2,7,20,2.1,220,0.9,0,0
DACM0600,맥스웰하우스 싱글카페 카푸치노,281,175,4,3.4,32,32,110,10,2.3,0
DACM0700,맥심 에스프레소 T.O.P 더 블랙,275,48,0,0,12,11,35,0,0,0
DACM0701,맥심 에스프레소 T.O.P 마스터 라떼,12,50,0,1.4,9,5.7,5,0,1.4,0
DACM0702,맥심 에스프레소 T.O.P 스위트 아메리카노,275,109,2.2,3.1,18,18,50,10,2.2,0
SSNS0200,못말리는 신짱,100,528,5,28,64,22,290,5,9,0
RBJM0800,무파마탕면,122,510,10,15,84,5,1720,0,8,0
RCPM0801,무파마탕면큰사발,112,495,9,17,76,4,1570,0,8,0
SGJM0900,미쯔블랙,42,208,3,8,31,14,120,0,4,0
RBJB0203,미트스파게티 불닭볶음면,140,555,15,16,85,10,1570,0,8,0
DTSM1000,밀키스,250,130,0,0,31,31,16,0,0,0
SGJB0400,바나나킥,30,125,1,1.9,26,13,40,0,0,0
SGJB0600,배배,40,192,2,8,28,13,160,10,4.9,0
RBJB0800,배홍동비빔면,137,585,9,24,83,16,1350,5,11,0
SCKB1000,버터와플,26.34,125,2,4.3,20,8,80,20,3.1,0.1
SGJB1200,벌집핏자,30,155,1,8,20,2.1,190,0,0,0.3
SSNB1400,별뽀빠이,30,140,3,5,22,5,95,0,2,0
RBJB1600,보글보글부대찌개면,127,545,11,17,87,5,1850,5,8,0
RCPB1601,보글보글부대찌개큰사발면,109,480,9,16,75,5,1690,5,8,0
RBJN0300,볶음너구리,137,610,12,24,87,9,1280,3,8,0
RCPN0301,볶음너구리큰사발면,110,515,10,22,69,6,1090,3,9,0
RCPJ0100,볶음진짬뽕,110,450,9,16,67,8,1240,10,7,0
RBJB1700,부대찌개라면,130,515,14,15,81,7,1790,5,7,0
RBJB0204,불닭볶음면,140,530,12,16,85,7,1280,0,8,0
DHDB0101,비타500,100,50,0,0,12,11,30,0,0,0
DHDB0102,비타500 A.C.E,100,50,0,0,12,11,30,0,0,0
DHDB0103,비타500칼슘,100,50,0,0,12,11,30,0,0,0
DHDB0300,비타파워,180,44,0,0,11,11,26,0,0,0
RCPB0500,빅3 볶음김치면,154,560,10,27,69,4,1980,0,14,0
SBSB0700,빠다코코낫,50,235,3,11,31,8,130,0,4.5,0
SGJB0900,빠삭한닭칩 후라이드치킨맛,30,175,2,12,15,2,300,0,4,0
SSNB1100,빠새(빠삭한새우칩),60,360,4,26,28,3,360,3,0,0
SGJB1300,뻥소리,30,39.15,0.36,0.9,7.47,1.14,15.3,0,0.36,0
SGJB1500,뽀또치즈타르트,100,504,7,24,65,20,510,15,15,0
SSNS0300,사또밥,30,170,1,11,17,4,40,0,4,0
SSNS0301,사또밥 갈릭버터맛,30,170,1,11,17,3,170,0,4.4,0
RBJS0400,사리곰탕면,110,490,12,16,74,3,1700,0,8,0
RCPS0401,사리곰탕큰사발면,111,490,8,17,76,3,1590,0,8,0
SGJS0500,사브레,35,170,2,7,25,10,65,3,0,0
RBJJ0204,사천짜파게티,137,600,11,21,92,8,1080,0,8,0
RCPJ0201,사천짜파게티큰사발면,115,535,9,20,80,9,1010,0,9,0
RBJS0600,삼양라면 매운맛,120,515,9,18,79,5,1780,0,9,0
RBJS0601,삼양라면 오리지널,120,500,10,16,79,5,1780,0,8,0
RBJS0700,삼양비빔면,135,560,9,20,86,13,1390,0,10,0
SSNS0101,새우깡,30,150,2,8,18,1.8,200,0,0,0
RCPS0800,새우탕큰사발면,115,500,10,18,77,5,1590,10,9,0
DHDS0900,솔의눈,240,75,0,0,19,19,30,0,0,0
RBJS1000,쇠고기미역국라면,115,450,11,16,65,2,1800,5,8,0
RBJN0302,순한 너구리,120,500,9,15,82,4,1480,3,8,0
RBJS1100,스낵면,108,475,10,17,70,4,1710,0,9,0
RCPS1101,스낵면 Cup,62,285,5,12,39,3,1200,0,5,0
SGJS1200,스윙칩 볶음고추장맛,60,347,3,23,32,2,220,0,0,0
DHDS1300,스타벅스 시그니처 초콜릿 드링크,275,185,4,6,29,29,160,17,3.9,0
DACS1301,스타벅스 파이크 플레이스 로스트 블랙 커피,275,6,0,0.3,0,0,25,0,0,0
DACS1302,스타벅스 프라푸치노 모카,281,160,5,3.3,27,27,120,10,2.1,0
DACS1303,스타벅스 프라푸치노 카라멜향,281,175,5,3.2,32,31,110,10,2,0
DACS1304,스타벅스 프라푸치노 커피,281,175,5,3.2,32,31,110,10,2,0
SGJS1400,신당동 장독대를 뛰쳐나온 떡볶이 총각의 맛있는 프로포즈,30,160,1,9,19,10,150,0,0,0
RBJS1500,신라면,120,500,10,16,79,4,1790,0,9,0
RBJS1501,신라면건면,97,350,9,4.6,68,4,1790,0,1.4,0
RBJS1502,신라면볶음면,131,600,10,25,84,9,1390,5,10,0
RCPS1503,신라면볶음면큰사발,103,465,9,17,69,9,1400,5,7,0
RBJS1504,신라면블랙,134,575,12,18,91,8,1780,10,9,0
RCPS1505,신라면블랙사발,101,445,9,15,68,5,1530,10,7,0
RCPS1506,신라면컵,65,300,5,10,47,3,1290,0,5,0
RCPS1507,신라면큰사발,114,490,9,17,75,6,1550,0,8,0
DATS1600,실론티,240,72,0,0,17,14,5,0,0,0
SGJS0102,쌀새우깡,30,150,2,7,20,1.9,170,3,0,0
DATE0400,아침헛개,500,5,0,0,0,0,40,0,0,0
RBJE0500,안성탕면,125,525,11,17,82,3,1790,0,9,0
SGJE0600,알새우칩,35,180,0.7,9,24,3,270,0,0,0
RBJN0303,앵그리너구리,121,500,9,14,85,5,1690,3,8,0
RCPE0700,앵그리짜파구리큰사발면,108,500,8,19,74,9,1230,3,8,0
SCAE0800,야채크래커,30,45.9,0.63,2.25,5.76,0.77,45.9,0.03,1.17,0.01
RBJN0304,얼큰한 너구리,120,490,8,14,83,5,1760,5,8,0
SBSE0900,에이스,30,168,2,9,18,2,150,0,0,0
RBJE1000,열라면,120,510,11,16,80,4,1710,0,8,0
SGJE1100,예감,32,160,2,8,20,3,200,0,0,0
SGJE1101,예감 볶은양파맛,32,160,2,8,20,3,190,0,4.2,0
SGJE1102,예감치즈그라탕맛,32,164,2,8,21,3,190,0,0,0
SGJE1200,오!감자 감자그라탕맛,30,166,1,10,18,0.7,170,0,3.7,0
SGJE1201,오!감자 찍먹 양념바베큐소스맛,30,135,0.7,7,17,4,160,0,2.9,0.1
RBJE1300,오뚜기 오동통면,120,505,10,16,80,4,1660,0,8,0
SBSE1400,오뜨 치즈,24,110,2,6,12,7,55,18,3.1,0.1
DHDE1500,오라떼 애플,240,80,0,0,19,17,25,0,0,0
DHDE1501,오라떼 오리지널,240,75,0,0,18,16,20,0,0,0
DHDE1502,오라떼 피치,240,75,0,0,18,17,20,0,0,0
DTSE1600,오란씨 오렌지,250,49,0,0,14,12,60,0,0,0
DTSE1601,오란씨 파인애플,200,55,0,0,14,14,15,0,0,0
DTSE1700,오랑지나,240,100,0,0,25,24,6,0,0,0
DTSE1800,오로나민C,120,70,0,0,17,17,0,0,0,0
RCPE1900,오모리 김치찌개라면,150,485,9,20,67,2,1870,4,11,0
RCPE1901,오모리부대찌개라면,135,435,11,18,57,5,1770,9,8,0
RCPE1902,오모리참치찌개라면,135,420,10,17,57,5,1790,5,8,0
SGJE2000,오사쯔,65,365,2,23,38,7,210,0,0,0
SGJE2100,오징어땅콩,98,492,12,24,57,20,320,3,0,0
SGJE2200,오징어집 버터구이맛,30,160,2,9,18,2,150,3,0,0.3
RBJE2300,오징어짬뽕,124,510,10,15,84,6,1750,12,8,0
RCPE2301,오징어짬뽕컵,67,290,6,9,46,5,1240,13,5,0
SGJE2400,옥수수깡,370,370,3,20,45,13,330,0,0,0
DATE2500,옥수수수염차,500,0,0,0,0,0,15,0,0,0
RBJJ0200,올리브짜파게티,140,610,11,20,97,6,1180,0,8,0
SGJE2600,와클,76,377,5,17,51,13,390,0,8,0
SGJG0701,왕고래밥볶음양념맛,56,247,4,7,42,6,390,0,3.6,0
SSNJ1701,왕짱구,90,155,2,8,19,4,65,0,0,0
RCPE2700,육개장사발면,86,375,7,15,53,4,1590,0,7,0
DHDE0100,이프로 부족할때 복숭아,240,65,0,0,16,16,10,0,0,0
SGJE2800,인디안밥,30,150,2,7,20,0.7,220,0,0,0
RBJE2900,일품짜장면,200,550,12,20,86,9,1160,5.2,10,0
SGJJ0300,자가비 짭짤한 맛,40,230,2,16,19,0,90,0,0,0
SSNJ0400,자갈치문어맛,30,155,1.8,8,19,2,150,0,0,0
DFDJ0500,제주사랑 감귤사랑,100,30,0,0,8,8,5,0,0,0
SGJJ0600,제크,50,255,3,12,33,3,540,2,6.5,0
SGJJ0601,제크샌드 콘버터맛,37,195,3,10,23,7,250,0,5,0
DHDJ0700,제티 쵸코렛맛 드링크 CAN,175,90,2,0.9,18,18,70,5,0.6,0
SGJJ0800,조청유과,30,155,0.8,9,18,2.4,85,0,0,0
SSNJ0900,죠리퐁,50,225,4,7,38,15,85,0,2.9,0
RBJJ1000,진라면(매운맛),120,500,12,16,77,4.6,1760,0,8,0
RBJJ1001,진라면(순한맛),120,500,12,16,77,4,1780,0,8,0
RCPJ1002,진라면Cup매운맛,65,280,6,9,44,3,1140,0,3.5,0
RCPJ1003,진라면Cup순한맛,65,280,7,9,43,3,1170,0,3.5,0
RBJJ1100,진비빔면,156,625,11,23,98,15,1400,0,11,0
RBJJ1200,진진짜라,135,540,13,16,86,7,1190,9,8,0
RBJJ1300,진짜장,135,540,11,17,86,8,1050,5,8,0
RBJJ1400,진짜쫄면,150,560,10,18,90,18,1250,0,9,0
RBJJ0101,진짬뽕,130,500,10,16,79,7,1780,18,7,0
RCPJ0102,진짬뽕 Cup,75,300,6,11,44,3,1140,10,3.7,0
RBJJ1500,짜왕,134,605,10,22,92,8,1180,0,9,0
RBJJ1501,짜왕매운맛,140,625,10,23,94,7,1250,0,10,0
RCPJ1502,짜왕매운맛큰사발면,104,470,7,18,70,6,1020,0,8,0
RCPJ1503,짜왕큰사발면,105,495,9,19,72,9,990,0,8,0
RBJJ1600,짜짜로니,140,570,12,20,85,7,1190,0,9,0
RCPJ0202,짜파게티범벅,70,315,6,10,50,6,850,3,4.6,0
RCPJ0203,짜파게티큰사발면,123,550,10,19,84,9,1220,0,9,0
SSNJ1700,짱구,30,155,2,8,19,5,55,0,4,0
SSNJ1800,쫄병 매콤한맛,30,160,2,9,18,3,170,0,0,0
RCPC0100,참깨라면 Cup,65,285,6,10,43,2,1300,10,3.4,0
SCAC0200,참크래커,100,450,9,13,74,0,740,15,7,0
DATC0300,초가을우엉차,500,10,0,0,0,0,40,0,0,0
SGJC0400,초코송이,50,266,3,14,32,20,110,5,9,0
SGJC0500,초코칩쿠키,64,328,4,16,42,18,200,12,8,0.3
SGJC0600,촉촉한초코칩,20,102,1,6,11,5,40,5,3.1,0.1
SGJC0700,쵸코하임,30,49.04,0.75,2.84,5.13,3.27,11.56,0.46,1.5,0.02
RBJB0205,치즈불닭볶음면,140,550,13,18,84,7,1440,0,9,0
SGJC0800,치즈샌드,30,150,2,7,20,4,180,0,0,0
SGJC0900,치킨팝,81,418,3,22,52,23,350,0,9,0
SGJC1000,치토스 스모키바베큐맛,82,480,5.5,29,49,2,470,0,13,3
SGJC1101,치토스매콤달콤한맛,100,580,7,34,62,2,380,0,0,0
SGJC1200,칙촉,90,440,6,22,55,30,200,30,14,0
SGJC1201,칙촉 더블초코,180,865,10,47,100,58,470,20,25,0.3
SGJC1202,칙촉 티라미수,180,870,12,48,97,53,580,25,28,0.9
DTSC1300,칠성사이다,250,110,0,0,28,27,6,0,0,0
DTSC1301,칠성사이다 복숭아,250,110,0,0,27,27,7,0,0,0
DTSC1302,칠성사이다 제로,250,0,0,0,4,0,6,0,0,0
SGJK0100,카라멜콘 땅콩,30,150,2,6,22,7,65,0,0,0
SGJK0200,카스타드,23,105,1,6,12,8,35,40,3,0
SGJK0201,카스타드,23,102,1,6,11,6,40,28,2.6,0
SGJK0300,카카오비스킷 오리온샌드 까메오 White cream,33,173,2,9,21,11,170,0,6,0
SGJK0400,칸츄리콘(콘버터맛),30,185,1,12,18,2,95,0,0,0
DACK0500,칸타타 땅콩크림라떼,275,130,3,2.7,23,21,215,10,1.5,0
DACK0501,칸타타 라떼홀릭 카페라떼,270,145,4.5,4,23,23,210,13,2.5,0
DACK0502,칸타타 스위트 아메리카노,275,50,0,0,12,12,130,0,0,0
DACK0503,칸타타 카라멜마키아토,275,120,3,2,23,23,190,6.5,1.2,0
DACK0504,칸타타 콘트라베이스 콜드브루 라떼,200,190,4,3.3,36,34,285,15,2,0
DACK0505,칸타타 콘트라베이스 콜드브루 블랙,200,20,1,0,4,4,95,0,0,0
DACK0506,칸타타 콘트라베이스 콜드브루 스위트블랙,200,80,1,0,19,19,123,0,0,0
DACK0507,칸타타 콜드브루 흑당라떼,275,165,3,1.7,34,34,160,6,1,0
DACK0508,칸타타 프리미엄 라떼,275,122,2,2,24,21,155,5,1,0
DACK0600,커핑로드 모카라떼,300,220,5,8,32,32,240,40,6,0.5
DACK0601,커핑로드 에스프레소라떼,300,195,4,7,29,29,160,40,5,0.5
DACK0602,커핑로드 카페봉봉,300,230,5,8,34,34,210,40,6,0.5
DTSK0700,컨피던스,250,100,0,0,24,24,85,0,0,0
RCPB0206,컵 까르보불닭볶음면,80,355,5,16,48,5,910,0,8,0
RCPB0207,컵 불닭볶음면,70,280,6,10,42,6,630,0,5,0
RCPS0602,컵 삼양라면 오리지널,65,295,5,12,42,2,1160,0,6,0
RCPK0800,컵누들 매콤한맛,37.8,120,1,0,29,3,890,0,0,0
RCPK0801,컵누들 우동맛,38.1,120,2,0.5,27,3,890,0,0,0
DHDK0900,코코리치 포도,240,75,0,0,19,16,45,0,0,0
RCPK1000,콕콕콕 라면볶이,120,465,8,13,79,13,900,0,7,0
RCPK1001,콕콕콕 스파게티,120,475,9,14,78,9,780,0,7,0
RCPK1002,콕콕콕 짜라볶이,130,530,12,15,87,12,990,0,7,0
RCPK1003,콕콕콕 짜장볶이,120,535,11,19,80,9,870,0,8,0
RCPK1004,콕콕콕 치즈볶이,95,430,9,16,63,6,1180,2.5,8,0
SGJK1100,콘치 크림치즈,100,532,7,28,63,24,210,10,0,0
SGJK1200,쿠쉬쿠쉬 갈릭바게트맛,16,76,1,2.7,12,2,140,1,1.6,0
SGJK1300,쿠크다스 화이트,30,49.05,0.49,2.8,5.47,3.09,14.95,0.38,1.88,0.01
SGJK1301,쿠크다스케이크,70,358,4,24,33,20,120,65,12,0
DAGK1400,쿨피스 복숭아,930,405,2,3,93,84,420,0,1,0
DAGK1401,쿨피스 자두,930,400,2,2.1,93,84,370,0,0.8,0
DAGK1402,쿨피스 파인애플,930,405,2,3,93,84,370,0,1,0
SGJK1500,크라운산도 딸기,30,46.1,0.44,2.19,6.16,2.7,23.61,0.65,1.37,0.05
SGJK1501,크라운산도 초코,30,46.18,0.52,2.22,6.02,2.25,26.44,0.28,1.37,0.05
SGJK1502,크라운산도 크림,30,46.46,0.48,2.28,6.02,2.25,24.47,1.02,1.45,0.06
SGJK1600,크라운츄러스,30,155,2,8,19,7,75,0,0,0
RBJB0208,크림까르보불닭볶음면,140,555,10,18,88,11,1500,10,9,0
SGJE0301,크림웨하스,56,255,3,12,34,13,95,3,0,0
RBJJ0103,크림진짬뽕,130,545,9,21,82,6,1140,25,9,0
RCPB0209,큰컵 까르보불닭볶음면,105,470,7,21,63,7,1190,0,11,0
RCPN0101,큰컵 나가사끼짬뽕,105,445,9,15,69,4,1620,0,8,0
RCPB0210,큰컵 미트스파게티 불닭볶음면,110,430,11,14,65,7,1200,0,7,0
RCPB0211,큰컵 불닭볶음면,105,425,9,15,63,8,950,0,8,0
RCPB0212,큰컵 불닭볶음탕면,120,455,9,16,69,7,1500,0,8,0
RCPS0603,큰컵 삼양라면 매운맛,110,485,10,17,73,2,1720,0,8,0
RCPS0604,큰컵 삼양라면 오리지널,110,470,9,15,75,4,1800,0,8,0
RCPB0213,큰컵 짜장불닭볶음면,105,425,10,15,63,6,1000,2,7,0
RCPB0214,큰컵 쫄볶이 불닭볶음면,120,485,9,19,69,12,1330,0,9,0
RCPB0215,큰컵 치즈불닭볶음면,105,430,9,16,63,5,1000,0,8,0
RCPB0216,큰컵 크림까르보불닭볶음면,120,480,10,17,72,10,1270,5,9,0
RCPT0100,튀김우동큰사발,111,515,9,21,73,8,1590,3,10,0
DTST0200,트레비 레몬,300,0,0,0,0,0,15,0,0,0
RBJT0300,틈새라면 빨계떡,120,495,9,14,83,3,1650,3,6,0
RCPE3001,팔도 김치왕뚜껑,110,470,8,17,71,4,1790,0,9,0
RCPE3000,팔도 왕뚜껑,110,475,9,17,71,4,1690,0,9,0
RBJT0301,팔도 틈새라면 매운김치,120,505,11,16,79,3,1780,0,6,0
RCPT0400,팔도김치도시락,86,395,6,16,57,2,1590,0,8,0
RBJT0500,팔도비빔면,130,525,9,19,80,12,1090,0,9,0
DTST0600,펩시콜라,210,95,0,0,24,23,5,0,0,0
DTST0601,펩시콜라 제로슈거,210,0,0,0,0,0,36,0,0,0
SGJT0700,포스틱,30,140,1,4.7,23,1.2,190,0,0,0
DHDT0800,포카리스웨트,100,25,0,0,6,6,50,0,0,0
DHDT0801,포카리스웨트 이온워터,500,55,0,0,13,12,270,0,0,0
SGJT0900,포카칩 오리지널,30,167,2,11,15,0.4,115,0,4.1,0.1
SGJT0901,포카칩어니언맛,30,171,2,11,16,0.7,95,0,4.1,0.1
SGJT1000,포키딸기,41,200,3,8,29,16,120,0,0,0
SGJT1100,포테토칩 육개장사발면맛,30,170,2,11,16,1,160,0,0,0
SGJT1200,프레첼 솔티카라멜맛,30,125,1,7,14,8,150,2.1,0,0
DTSH0100,핫식스,250,115,0,0,29,29,75,0,0,0
DTSH0101,핫식스 팬시캔디,250,60,0,0,15,15,75,0,0,0
RBJB0217,핵불닭볶음면,140,555,12,19,84,6,1450,0,9,0
SGJH0200,허니버터칩,60,345,2,24,30,2,200,0,0,0
SGJH0300,홈런볼 무지방 우유,46,260,4,17,23,15,100,40,0,0
DTSH0400,화이브미니,100,55,0,0,15,10,10,0,0,0
SWFH0500,화이트하임,100,525,7,29,61,38,140,15,16,0
DATH0600,황금보리,500,0,0,0,0,0,35,0,0,0
SGJH0700,후레쉬베리,28,125,1,7,15,9,50,16,3.4,0
SGJH0701,후레쉬베리 복숭아,28,127,1,7,15,10,35,19,2.9,0
SBSH0800,후렌치파이딸기,26,130,1,6,16,7,60,3,0,0
SBSH0801,후렌치파이사과,13,65,1,3,8,4,30,3,0,0
SBSH0801,흑당 빠다코코낫,50,255,3,11,35,12,170,1,6,0
SSNJ1702,흑당짱구,115,160,2,8,20,7,110,0,4,0
